{"accuracy": 0.9111111111111111, "precision": 0.9434343434343434, "recall": 0.9111111111111111, "f1_score": 0.9154320987654321, "confusion_matrix": [[20, 0, 0], [0, 7, 0], [0, 4, 14]]}