{"accuracy": 0.9555555555555556, "precision": 0.9611111111111111, "recall": 0.9555555555555556, "f1_score": 0.9557298474945534, "confusion_matrix": [[13, 0, 0], [0, 16, 2], [0, 0, 14]]}