{"accuracy": 0.9555555555555556, "precision": 0.9555555555555556, "recall": 0.9555555555555556, "f1_score": 0.9555555555555556, "confusion_matrix": [[20, 0, 0], [0, 12, 1], [0, 1, 11]]}